puuid,riotId,matchId,gameCreation_ms,gameDuration_s,target_role_found,matches_examined,role_density,leagueId,tier,rank,leaguePoints,wins,losses,allInPings,assistMePings,assists,baronKills,basicPings,bountyLevel,challenge_12AssistStreakCount,challenge_abilityUses,challenge_acesBefore15Minutes,challenge_alliedJungleMonsterKills,challenge_baronTakedowns,challenge_blastConeOppositeOpponentCount,challenge_bountyGold,challenge_buffsStolen,challenge_controlWardsPlaced,challenge_damagePerMinute,challenge_damageTakenOnTeamPercentage,challenge_deathsByEnemyChamps,challenge_dodgeSkillShotsSmallWindow,challenge_doubleAces,challenge_dragonTakedowns,challenge_earliestBaron,challenge_earliestDragonTakedown,challenge_earlyLaningPhaseGoldExpAdvantage,challenge_elderDragonKillsWithOpposingSoul,challenge_elderDragonMultikills,challenge_enemyChampionImmobilizations,challenge_enemyJungleMonsterKills,challenge_epicMonsterKillsNearEnemyJungler,challenge_epicMonsterKillsWithin30SecondsOfSpawn,challenge_epicMonsterSteals,challenge_epicMonsterStolenWithoutSmite,challenge_firstTurretKilled,challenge_flawlessAces,challenge_fullTeamTakedown,challenge_gameLength,challenge_getTakedownsInAllLanesEarlyJungleAsLaner,challenge_goldPerMinute,challenge_immobilizeAndKillWithAlly,challenge_initialBuffCount,challenge_initialCrabCount,challenge_jungleCsBefore10Minutes,challenge_junglerTakedownsNearDamagedEpicMonster,challenge_kTurretsDestroyedBeforePlatesFall,challenge_kda,challenge_killAfterHiddenWithAlly,challenge_killParticipation,challenge_killedChampTookFullTeamDamageSurvived,challenge_killingSprees,challenge_killsNearEnemyTurret,challenge_killsOnOtherLanesEarlyJungleAsLaner,challenge_killsOnRecentlyHealedByAramPack,challenge_killsUnderOwnTurret,challenge_killsWithHelpFromEpicMonster,challenge_landSkillShotsEarlyGame,challenge_laneMinionsFirst10Minutes,challenge_laningPhaseGoldExpAdvantage,challenge_lostAnInhibitor,challenge_maxCsAdvantageOnLaneOpponent,challenge_maxKillDeficit,challenge_maxLevelLeadLaneOpponent,challenge_moreEnemyJungleThanOpponent,challenge_multiKillOneSpell,challenge_multiTurretRiftHeraldCount,challenge_multikills,challenge_multikillsAfterAggressiveFlash,challenge_outerTurretExecutesBefore10Minutes,challenge_outnumberedKills,challenge_outnumberedNexusKill,challenge_perfectDragonSoulsTaken,challenge_perfectGame,challenge_pickKillWithAlly,challenge_playedChampSelectPosition,challenge_quickCleanse,challenge_quickFirstTurret,challenge_quickSoloKills,challenge_riftHeraldTakedowns,challenge_saveAllyFromDeath,challenge_scuttleCrabKills,challenge_skillshotsDodged,challenge_skillshotsHit,challenge_snowballsHit,challenge_soloBaronKills,challenge_soloKills,challenge_stealthWardsPlaced,challenge_takedownOnFirstTurret,challenge_takedowns,challenge_takedownsAfterGainingLevelAdvantage,challenge_takedownsBeforeJungleMinionSpawn,challenge_takedownsFirstXMinutes,challenge_teamBaronKills,challenge_teamDamagePercentage,challenge_teamElderDragonKills,challenge_teamRiftHeraldKills,challenge_teleportTakedowns,challenge_tookLargeDamageSurvived,challenge_turretPlatesTaken,challenge_turretTakedowns,challenge_unseenRecalls,challenge_visionScoreAdvantageLaneOpponent,challenge_visionScorePerMinute,challenge_voidMonsterKill,challenge_wardTakedowns,challenge_wardTakedownsBefore20M,challenge_wardsGuarded,champExperience,champLevel,championId,championName,championTransform,commandPings,consumablesPurchased,damageDealtToBuildings,damageDealtToObjectives,damageDealtToTurrets,damageSelfMitigated,dangerPings,deaths,detectorWardsPlaced,doubleKills,dragonKills,enemyMissingPings,enemyVisionPings,firstBloodAssist,firstBloodKill,firstTowerAssist,firstTowerKill,gameEndedInEarlySurrender,gameEndedInSurrender,getBackPings,goldEarned,goldSpent,holdPings,individualPosition,inhibitorKills,inhibitorTakedowns,inhibitorsLost,kills,lane,largestCriticalStrike,largestKillingSpree,largestMultiKill,longestTimeSpentLiving,magicDamageDealt,magicDamageDealtToChampions,magicDamageTaken,needVisionPings,neutralMinionsKilled,nexusKills,nexusLost,nexusTakedowns,objectivesStolen,objectivesStolenAssists,onMyWayPings,participantId,pentaKills,physicalDamageDealt,physicalDamageDealtToChampions,physicalDamageTaken,placement,pushPings,quadraKills,retreatPings,riotIdGameName,riotIdTagline,role,sightWardsBoughtInGame,summonerId,summonerLevel,summonerName,teamEarlySurrendered,teamId,teamPosition,timeCCingOthers,timePlayed,totalAllyJungleMinionsKilled,totalDamageDealt,totalDamageDealtToChampions,totalDamageShieldedOnTeammates,totalDamageTaken,totalEnemyJungleMinionsKilled,totalHeal,totalMinionsKilled,totalTimeCCDealt,totalTimeSpentDead,tripleKills,trueDamageDealt,trueDamageDealtToChampions,trueDamageTaken,turretKills,turretsLost,unrealKills,visionClearedPings,visionScore,visionWardsBoughtInGame,wardsKilled,wardsPlaced
yFSDGcBQLHQKuMKyoV8WQnhE9jAtBWn8v15oURlrcAn2XUos-zorUmHQxJyukQ43U8ILyyPsGb1lZA,Scoreezy#1738,NA1_5356780226,1756348406419,1533,50,79,0.6329113924050633,292ae346-ff22-485e-b44a-67b9bf198c9a,GOLD,II,45,27,25,0,2,3,0,0,,0,169,0,2,0,0,0.0,0,0,695.2057010301911,0.1625043487624622,3,0,0,0,,,0.0,0,0,10,0,0,0,0,0,0,0,0,1534.019668092,0,362.30824174587286,2,0,0,0.0,0,0,2.0,3,0.46153846153846156,0,0,0,1,0,0,1,28,78,0.0,0,16.0,0,1.0,0,0,0,0,0,0,0,0,0,0,6,1.0,0,0,0,0,0,0,5,155,0,0,0,2,0,6,0,0,1,0,0.27686346764537606,0,0,,0,1,0,0,-0.4254607558250427,0.17753641395847214,0,0,0,0,13736,15,800,Mel,0,0,4,565,565,565,8390,0,3,0,0,0,0,0,False,False,False,False,False,False,0,9263,8925,0,MIDDLE,0,0,3,3,MIDDLE,194,0,1,1042,84708,16359,4892,0,6,0,1,0,0,0,0,8,0,13798,1363,10331,0,0,0,0,Scoreezy,1738,SOLO,0,TProZgWx67pTtj9RS_f0W4Lq62E7aMFr8Ngrhxb725lGACI,388,,False,200,MIDDLE,23,1533,6,98725,17774,0,15491,0,873,202,409,116,0,218,50,267,0,11,0,0,4,1,0,2
yFSDGcBQLHQKuMKyoV8WQnhE9jAtBWn8v15oURlrcAn2XUos-zorUmHQxJyukQ43U8ILyyPsGb1lZA,Scoreezy#1738,NA1_5356690478,1756344089956,989,50,79,0.6329113924050633,292ae346-ff22-485e-b44a-67b9bf198c9a,GOLD,II,45,27,25,0,1,4,0,0,,0,120,0,0,0,0,0.0,0,1,441.67659091442255,0.1350884648722062,1,0,0,0,,,0.0,0,0,4,0,0,0,0,0,1,0,0,994.1078584510001,0,379.2690231759537,1,0,0,0.0,0,0,5.0,0,0.21739130434782608,0,0,0,0,0,0,0,0,60,0.0,0,5.0,0,1.0,0,0,0,0,0,0,0,0,0,0,4,1.0,0,0,1,0,0,0,4,4,0,0,1,2,0,5,0,0,4,0,0.1589084143061252,0,1,,0,3,0,0,0.05730283260345459,0.28106100614237356,0,1,1,0,8901,12,105,Fizz,0,0,5,3544,3544,3544,2925,0,1,1,0,0,0,0,False,False,False,False,False,True,0,6283,5325,0,MIDDLE,0,0,0,1,NONE,0,0,1,185,45747,5324,330,0,0,0,0,0,0,0,0,8,0,10076,1351,6008,0,0,0,0,Scoreezy,1738,SUPPORT,0,TProZgWx67pTtj9RS_f0W4Lq62E7aMFr8Ngrhxb725lGACI,387,,False,200,MIDDLE,5,989,0,59439,7317,0,6339,0,1263,114,73,12,0,3615,642,0,0,0,0,0,4,1,1,3
yFSDGcBQLHQKuMKyoV8WQnhE9jAtBWn8v15oURlrcAn2XUos-zorUmHQxJyukQ43U8ILyyPsGb1lZA,Scoreezy#1738,NA1_5356657097,1756342264894,1430,50,79,0.6329113924050633,292ae346-ff22-485e-b44a-67b9bf198c9a,GOLD,II,45,27,25,0,0,1,0,0,,0,225,0,0,0,0,0.0,0,2,337.5650054815418,0.14171447586164143,6,1,0,1,,1104.602966651,0.0,0,0,0,0,0,0,0,0,0,0,0,1430.531411457,0,287.9883063453853,0,0,0,0.0,0,0,0.16666666666666666,0,0.041666666666666664,0,0,0,0,0,0,0,0,40,0.0,0,4.0,3,1.0,0,0,0,0,0,0,0,0,0,0,1,1.0,0,0,0,0,0,0,22,7,0,0,0,6,0,1,0,0,0,0,0.11452225409398971,0,1,,0,3,2,0,0.017981648445129395,0.7194386132800028,0,2,1,0,11780,14,893,Aurora,0,4,7,3156,3473,3156,5515,0,6,2,0,0,2,0,False,False,False,False,False,True,0,6866,6275,0,MIDDLE,0,0,0,0,MIDDLE,0,0,0,361,69763,6790,8674,0,0,0,0,0,0,0,0,8,0,10638,363,3470,0,0,0,0,Scoreezy,1738,SOLO,0,TProZgWx67pTtj9RS_f0W4Lq62E7aMFr8Ngrhxb725lGACI,387,,False,200,MIDDLE,4,1430,0,81297,8048,0,12907,0,676,129,142,149,0,894,894,762,1,3,0,0,17,3,2,8
yFSDGcBQLHQKuMKyoV8WQnhE9jAtBWn8v15oURlrcAn2XUos-zorUmHQxJyukQ43U8ILyyPsGb1lZA,Scoreezy#1738,NA1_5356611974,1756339648092,2029,50,79,0.6329113924050633,292ae346-ff22-485e-b44a-67b9bf198c9a,GOLD,II,45,27,25,0,0,6,1,0,,0,172,0,0,1,0,0.0,0,0,313.96550368527085,0.16117784099178342,3,0,0,0,1939.2042768390002,,0.0,0,0,22,0,0,0,0,0,0,0,0,2029.417631642,0,334.21888942714196,4,0,0,0.0,0,0,2.3333333333333335,0,0.2916666666666667,0,0,0,0,0,0,0,13,71,0.0,0,14.0,0,1.0,0,0,0,0,0,0,0,0,0,0,7,1.0,0,0,0,0,0,0,7,47,0,0,0,6,0,7,0,0,0,1,0.1079047886753307,0,0,,0,0,2,0,-0.6830378770828247,0.2629190141760181,1,2,0,0,16391,16,3,Galio,0,3,2,2648,5158,2648,38383,0,3,0,0,0,1,0,False,False,False,False,False,False,0,11304,10750,0,MIDDLE,0,0,2,1,MIDDLE,0,0,1,1137,160031,10030,7927,0,4,0,1,0,0,0,0,8,0,5934,263,19983,0,0,0,1,Scoreezy,1738,SOLO,0,TProZgWx67pTtj9RS_f0W4Lq62E7aMFr8Ngrhxb725lGACI,387,,False,200,MIDDLE,21,2029,0,171950,10619,780,28374,0,4060,224,81,89,0,5984,325,463,1,10,0,0,8,0,1,6
yFSDGcBQLHQKuMKyoV8WQnhE9jAtBWn8v15oURlrcAn2XUos-zorUmHQxJyukQ43U8ILyyPsGb1lZA,Scoreezy#1738,NA1_5355918271,1756256289441,1647,50,79,0.6329113924050633,292ae346-ff22-485e-b44a-67b9bf198c9a,GOLD,II,45,27,25,0,1,8,0,0,,0,191,0,0,0,0,0.0,0,0,846.6280992643673,0.14663550012812848,4,0,0,1,,1379.9345054960002,0.0,0,0,8,0,0,0,0,0,1,0,3,1647.8010234360002,0,466.6313672556803,4,0,0,0.0,1,0,4.25,4,0.6071428571428571,0,1,3,1,0,1,1,1,58,0.0,0,10.0,1,1.0,0,0,0,0,0,0,2,0,0,0,9,1.0,0,0,0,0,0,0,53,7,0,0,2,8,0,17,0,0,6,0,0.22851782924362246,0,0,,0,4,3,0,0.004005789756774902,0.5413727813129726,0,0,0,0,13493,15,105,Fizz,0,4,7,7174,8587,7174,9718,0,4,0,0,0,4,0,False,False,False,False,False,True,0,12815,10800,0,MIDDLE,0,0,0,9,MIDDLE,0,4,1,546,87610,18746,6403,0,0,0,0,0,0,0,18,3,0,14356,2676,9171,0,0,0,0,Scoreezy,1738,DUO,0,TProZgWx67pTtj9RS_f0W4Lq62E7aMFr8Ngrhxb725lGACI,387,,False,100,MIDDLE,10,1647,0,108712,23251,0,16764,0,4274,162,111,95,0,6745,1828,1189,1,3,0,0,14,0,0,8
yFSDGcBQLHQKuMKyoV8WQnhE9jAtBWn8v15oURlrcAn2XUos-zorUmHQxJyukQ43U8ILyyPsGb1lZA,Scoreezy#1738,NA1_5355888939,1756254001945,1798,50,79,0.6329113924050633,292ae346-ff22-485e-b44a-67b9bf198c9a,GOLD,II,45,27,25,0,0,17,0,0,,0,140,0,1,0,0,119.45001220703125,0,3,693.0890211776015,0.1801844364416125,7,0,0,2,,1379.194006983,0.0,0,0,33,0,1,0,0,0,0,0,4,1798.20515391,0,373.2693685613495,12,0,0,2.0,0,0,3.0,5,0.5675675675675675,0,0,0,0,0,0,0,6,54,0.0,0,52.400000005960464,7,2.0,0,0,0,0,0,0,0,0,0,0,15,1.0,0,0,0,0,0,0,10,30,0,0,0,9,0,21,0,0,7,0,0.18008369586063075,0,0,,0,0,4,0,-0.03648906946182251,0.8901098970756722,1,3,2,0,14958,16,3,Galio,0,3,6,4510,11588,4510,23301,0,7,3,0,0,0,0,False,False,False,False,False,False,0,11186,10700,0,MIDDLE,0,2,0,4,MIDDLE,0,0,1,725,119859,18308,8139,0,2,0,0,0,0,0,2,3,0,6024,237,10188,0,0,0,0,Scoreezy,1738,SOLO,0,TProZgWx67pTtj9RS_f0W4Lq62E7aMFr8Ngrhxb725lGACI,387,,False,100,MIDDLE,29,1798,0,133667,20771,749,20051,0,1746,173,88,149,0,7782,2225,1723,0,3,0,0,26,4,3,12
yFSDGcBQLHQKuMKyoV8WQnhE9jAtBWn8v15oURlrcAn2XUos-zorUmHQxJyukQ43U8ILyyPsGb1lZA,Scoreezy#1738,NA1_5355859177,1756251746905,1831,50,79,0.6329113924050633,292ae346-ff22-485e-b44a-67b9bf198c9a,GOLD,II,45,27,25,0,1,3,0,0,,0,129,0,2,0,0,485.324462890625,0,0,563.4745127983247,0.18463084328982798,8,0,0,0,,,0.0,0,0,0,0,0,0,0,0,0,0,0,1836.906161997,0,335.6680465673167,0,0,0,0.0,0,0,0.875,1,0.3333333333333333,0,0,1,0,0,1,1,10,67,0.0,0,18.0,0,1.0,0,0,0,0,0,0,0,0,0,0,4,1.0,0,0,0,0,0,0,10,53,0,0,1,6,0,7,0,0,3,0,0.19964203139554412,0,1,,0,2,0,0,-0.1604170799255371,0.4024969962769888,0,3,3,1,12015,14,166,Akshan,0,3,3,849,849,849,15545,0,8,0,0,0,15,0,False,False,False,False,False,True,0,10276,9750,0,MIDDLE,0,0,2,4,MIDDLE,490,0,1,477,5788,783,10649,0,4,0,2,0,0,0,5,8,0,109286,15728,13522,0,0,0,2,Scoreezy,1738,SOLO,0,TProZgWx67pTtj9RS_f0W4Lq62E7aMFr8Ngrhxb725lGACI,387,,False,200,MIDDLE,0,1831,2,126465,17250,0,24684,0,3505,166,0,284,0,11390,738,513,0,10,0,0,12,0,3,6
yFSDGcBQLHQKuMKyoV8WQnhE9jAtBWn8v15oURlrcAn2XUos-zorUmHQxJyukQ43U8ILyyPsGb1lZA,Scoreezy#1738,NA1_5355835349,1756249816321,1508,50,79,0.6329113924050633,292ae346-ff22-485e-b44a-67b9bf198c9a,GOLD,II,45,27,25,0,1,6,0,0,,0,119,0,0,0,0,0.0,0,0,418.43476516481195,0.13908508724999263,3,0,0,0,,,0.0,0,0,0,0,0,0,0,0,0,2,3,1508.3073281630002,0,370.1287398138723,0,0,0,0.0,0,0,3.0,1,0.3103448275862069,0,0,1,0,0,0,0,7,64,0.0,0,25.0,8,1.0,0,0,0,0,0,0,2,0,0,0,5,1.0,0,0,0,0,0,0,24,34,0,0,2,7,0,9,0,0,2,0,0.12047139538973227,0,0,,0,0,3,0,-0.15298879146575928,0.550019439032553,0,2,1,2,12682,14,166,Akshan,0,2,4,2684,5503,2684,8650,0,3,0,0,0,0,0,False,False,False,False,False,False,0,9304,8050,0,MIDDLE,0,0,0,3,MIDDLE,371,0,1,547,22850,1981,9837,1,0,1,0,1,0,0,1,8,0,73342,8190,5561,0,0,0,0,Scoreezy,1738,SOLO,0,TProZgWx67pTtj9RS_f0W4Lq62E7aMFr8Ngrhxb725lGACI,387,,False,200,MIDDLE,0,1508,0,115707,10518,0,15766,0,3104,160,0,93,0,19514,347,366,2,3,0,0,13,0,2,7
yFSDGcBQLHQKuMKyoV8WQnhE9jAtBWn8v15oURlrcAn2XUos-zorUmHQxJyukQ43U8ILyyPsGb1lZA,Scoreezy#1738,NA1_5355148272,1756164800806,2408,50,79,0.6329113924050633,292ae346-ff22-485e-b44a-67b9bf198c9a,GOLD,II,45,27,25,0,0,7,0,0,,0,200,0,0,0,0,0.0,0,2,708.0798111069715,0.10775485141693811,6,3,0,2,,1434.326584418,0.0,0,0,20,0,0,0,0,0,1,0,2,2408.9756613500003,0,406.4416112324081,12,0,0,0.0,1,0,2.8333333333333335,2,0.4146341463414634,0,2,0,0,0,0,2,13,79,0.0,1,23.0,1,1.0,0,0,0,3,0,0,1,0,0,0,10,1.0,0,0,0,1,0,0,54,187,0,0,0,10,0,17,0,0,0,0,0.20228996107035327,0,1,,0,1,2,0,-0.314470112323761,0.7192323792668894,1,3,3,1,20070,18,800,Mel,0,5,7,3507,14695,3507,7585,0,6,2,2,0,4,0,False,False,False,False,False,False,0,16318,15150,0,MIDDLE,0,0,1,10,MIDDLE,808,5,3,1007,150415,27719,4314,0,0,0,0,0,0,0,0,8,0,16286,709,14969,0,0,0,4,Scoreezy,1738,SOLO,0,TProZgWx67pTtj9RS_f0W4Lq62E7aMFr8Ngrhxb725lGACI,387,,False,200,MIDDLE,34,2408,0,173798,28429,0,20484,0,1962,254,510,268,1,7096,0,1200,2,5,0,0,28,2,3,13
yFSDGcBQLHQKuMKyoV8WQnhE9jAtBWn8v15oURlrcAn2XUos-zorUmHQxJyukQ43U8ILyyPsGb1lZA,Scoreezy#1738,NA1_5354405935,1756074393826,1755,50,79,0.6329113924050633,292ae346-ff22-485e-b44a-67b9bf198c9a,GOLD,II,45,27,25,0,1,15,0,0,,0,165,0,0,0,0,0.0,0,1,678.3780033175834,0.18502019942575798,6,0,0,1,1646.4007429800001,600.1344536910001,0.0,0,0,39,7,0,0,0,0,0,1,0,1755.965139162,0,408.9042016973992,11,0,0,0.0,0,0,3.0,1,0.4090909090909091,0,0,1,0,0,0,0,10,56,0.0,0,16.0,1,3.0,0,0,0,0,0,0,0,0,0,0,12,1.0,0,0,0,0,0,0,11,32,0,0,1,8,0,18,0,0,9,1,0.15378906398013104,0,1,,0,1,5,0,0.06602597236633301,0.5693599534302384,0,1,1,0,17298,17,3,Galio,0,4,7,6786,7333,6786,26828,0,6,1,0,0,3,0,True,False,False,False,False,True,0,11967,9600,0,MIDDLE,3,4,0,3,MIDDLE,0,2,1,402,136455,18899,8739,0,8,0,0,2,0,0,0,3,0,5573,850,12334,0,0,0,0,Scoreezy,1738,SOLO,0,TProZgWx67pTtj9RS_f0W4Lq62E7aMFr8Ngrhxb725lGACI,386,,False,100,MIDDLE,38,1755,0,142483,19853,377,23481,8,4538,159,144,135,0,455,104,2408,1,1,0,0,16,2,1,9
yFSDGcBQLHQKuMKyoV8WQnhE9jAtBWn8v15oURlrcAn2XUos-zorUmHQxJyukQ43U8ILyyPsGb1lZA,Scoreezy#1738,NA1_5352356874,1755829704458,1724,50,79,0.6329113924050633,292ae346-ff22-485e-b44a-67b9bf198c9a,GOLD,II,45,27,25,0,0,11,0,0,,0,159,0,0,0,0,0.0,0,1,819.6942128846906,0.11452083241228565,3,0,0,2,1617.2821555730002,869.654315168,1.0,0,0,43,0,0,0,0,0,1,1,1,1724.950274855,0,372.95636911059864,5,0,0,0.0,1,0,6.666666666666667,3,0.5,0,2,4,0,0,0,0,12,57,1.0,0,20.0,0,3.0,0,0,0,1,0,0,0,0,0,0,15,1.0,0,0,0,0,0,0,19,81,0,0,3,11,0,20,0,0,7,1,0.21284787792682897,0,1,,0,2,5,0,0.6103936433792114,0.6868391242647457,0,1,0,0,14599,15,711,Vex,0,8,7,4706,7301,4706,12393,0,3,1,1,1,0,0,False,False,False,False,False,False,0,10722,9480,0,MIDDLE,1,3,0,9,TOP,0,4,2,700,84118,21149,2156,0,4,0,0,1,0,0,1,8,0,10046,2387,14076,0,0,0,0,Scoreezy,1738,DUO,0,TProZgWx67pTtj9RS_f0W4Lq62E7aMFr8Ngrhxb725lGACI,386,,False,200,MIDDLE,39,1724,0,94833,23565,0,16680,0,2935,125,516,113,0,668,28,448,1,0,0,0,19,2,1,12
yFSDGcBQLHQKuMKyoV8WQnhE9jAtBWn8v15oURlrcAn2XUos-zorUmHQxJyukQ43U8ILyyPsGb1lZA,Scoreezy#1738,NA1_5352318635,1755827431385,1853,50,79,0.6329113924050633,292ae346-ff22-485e-b44a-67b9bf198c9a,GOLD,II,45,27,25,0,0,7,0,0,,0,199,0,0,0,0,105.25,0,3,810.4695113131748,0.11656100823140363,0,0,0,0,,,0.0,0,0,6,1,0,0,0,0,1,0,0,1854.136199325,0,501.83848137477224,3,0,0,0.0,0,0,21.0,1,0.4666666666666667,0,1,4,1,0,2,0,0,63,0.0,0,7.0,2,3.0,0,0,0,1,0,0,2,0,0,0,14,1.0,0,0,1,0,0,0,9,5,0,0,5,13,0,21,0,0,6,0,0.20192892940591417,0,1,,0,2,2,0,0.9031027555465698,1.0214133640707224,0,4,3,0,17806,17,105,Fizz,0,7,10,7183,7183,7183,9015,0,0,3,1,0,3,0,False,False,False,False,False,False,0,15507,13575,0,MIDDLE,0,1,0,14,TOP,0,14,2,0,120864,20368,4550,0,2,0,0,0,0,0,3,3,0,14740,2766,10368,0,0,0,2,Scoreezy,1738,DUO,0,TProZgWx67pTtj9RS_f0W4Lq62E7aMFr8Ngrhxb725lGACI,386,,False,100,MIDDLE,8,1853,0,138389,25045,0,16231,2,4875,182,123,0,0,2784,1910,1312,2,4,0,0,31,3,4,16
yFSDGcBQLHQKuMKyoV8WQnhE9jAtBWn8v15oURlrcAn2XUos-zorUmHQxJyukQ43U8ILyyPsGb1lZA,Scoreezy#1738,NA1_5351487778,1755732826453,730,50,79,0.6329113924050633,292ae346-ff22-485e-b44a-67b9bf198c9a,GOLD,II,45,27,25,0,0,2,0,0,,0,50,0,0,0,0,0.0,0,0,203.8990014333001,0.09469375490928326,0,0,0,1,,596.50902834,0.0,0,0,0,0,0,0,0,0,0,0,0,730.802128364,0,332.61517649162903,0,0,0,0.0,0,0,2.0,0,0.5,0,0,0,0,0,0,0,7,74,,0,41.0,2,2.0,0,0,0,0,0,0,0,0,0,0,2,1.0,0,0,0,0,0,0,1,11,0,0,0,2,0,2,0,0,2,0,0.15107264894953285,0,0,,0,1,0,0,0.5033397674560547,0.2526548384278712,0,0,0,0,5597,9,166,Akshan,0,0,5,778,2433,778,993,0,0,0,0,0,0,0,False,False,False,False,False,True,0,4051,3725,0,MIDDLE,0,0,0,0,NONE,0,0,0,0,2956,289,1302,0,0,0,0,0,0,0,0,8,0,35740,2043,962,0,0,0,0,Scoreezy,1738,DUO,0,TProZgWx67pTtj9RS_f0W4Lq62E7aMFr8Ngrhxb725lGACI,386,,False,200,MIDDLE,0,730,0,44689,2483,0,2264,0,864,97,0,0,0,5993,150,0,0,0,0,0,3,1,0,2
yFSDGcBQLHQKuMKyoV8WQnhE9jAtBWn8v15oURlrcAn2XUos-zorUmHQxJyukQ43U8ILyyPsGb1lZA,Scoreezy#1738,NA1_5351445792,1755729014401,1985,50,79,0.6329113924050633,292ae346-ff22-485e-b44a-67b9bf198c9a,GOLD,II,45,27,25,0,0,10,0,0,,0,250,0,0,0,0,0.0,0,0,971.1779217223514,0.14984756056652387,5,0,0,1,,1520.6282602790002,0.0,0,0,14,0,0,0,0,0,0,0,2,1986.0468814940002,0,359.89514621871194,1,0,0,0.0,0,0,2.4,3,0.3870967741935484,0,0,0,0,0,0,0,11,68,0.0,0,14.0,8,1.0,0,0,0,0,0,0,1,0,0,0,7,1.0,0,0,0,0,0,0,4,102,0,0,1,5,0,12,0,0,2,0,0.23888979436814128,0,0,1.0,0,3,5,0,-0.45439833402633667,0.2528336357851764,0,0,0,0,18147,17,74,Heimerdinger,0,4,4,7699,11962,7699,11450,0,5,0,0,0,2,0,False,False,False,False,False,False,0,11912,11435,0,MIDDLE,0,0,0,2,MIDDLE,0,0,1,749,158270,31557,10143,0,0,0,0,1,0,0,0,3,0,13488,553,9721,0,0,0,0,Scoreezy,1738,SOLO,0,TProZgWx67pTtj9RS_f0W4Lq62E7aMFr8Ngrhxb725lGACI,386,,False,100,MIDDLE,41,1985,0,178380,32146,0,20394,0,2115,207,505,205,0,6621,36,529,2,5,0,0,8,1,0,5
yFSDGcBQLHQKuMKyoV8WQnhE9jAtBWn8v15oURlrcAn2XUos-zorUmHQxJyukQ43U8ILyyPsGb1lZA,Scoreezy#1738,NA1_5351425088,1755726850151,1747,50,79,0.6329113924050633,292ae346-ff22-485e-b44a-67b9bf198c9a,GOLD,II,45,27,25,0,0,9,0,0,,0,177,0,0,1,0,0.0,0,1,675.7617111843983,0.16297968265874826,5,0,0,0,1630.2929154340002,,0.0,0,0,0,5,0,0,0,0,1,0,1,1747.3760708940001,0,428.6722996994957,0,0,0,0.0,0,1,3.8,2,0.35185185185185186,0,1,1,0,0,1,1,11,64,0.0,0,33.70000001788139,0,3.0,0,0,0,1,0,0,0,0,0,0,14,1.0,0,0,0,0,0,1,14,34,0,0,2,6,0,19,0,0,4,1,0.17278351244856113,0,1,,0,4,2,0,-0.028945088386535645,0.5710796586937555,1,1,1,0,16512,17,166,Akshan,0,3,3,1830,4514,1830,14739,0,5,1,1,0,2,0,False,False,False,False,False,False,0,12484,11675,0,MIDDLE,0,0,0,10,MIDDLE,648,6,2,604,7588,1821,2439,0,7,0,0,0,0,0,1,8,0,110438,16778,18056,0,0,0,0,Scoreezy,1738,SOLO,0,TProZgWx67pTtj9RS_f0W4Lq62E7aMFr8Ngrhxb725lGACI,386,,False,200,MIDDLE,3,1747,0,125395,19680,0,21433,3,3856,150,23,139,0,7368,1080,937,1,4,0,0,16,1,1,7
yFSDGcBQLHQKuMKyoV8WQnhE9jAtBWn8v15oURlrcAn2XUos-zorUmHQxJyukQ43U8ILyyPsGb1lZA,Scoreezy#1738,NA1_5351413868,1755725679991,785,50,79,0.6329113924050633,292ae346-ff22-485e-b44a-67b9bf198c9a,GOLD,II,45,27,25,0,0,1,0,0,,0,63,0,0,0,0,0.0,0,1,445.5814644360653,0.14764454816016867,0,0,0,0,,,0.0,0,0,0,0,0,0,0,0,1,0,0,785.8873053650001,0,307.63699344935014,0,0,0,0.0,0,0,2.0,0,0.18181818181818182,0,0,1,0,0,0,0,0,61,,0,7.0,1,1.0,0,0,0,0,0,0,0,0,0,0,1,1.0,0,0,0,0,0,0,11,0,0,0,1,1,0,2,0,0,2,0,0.22341927738108844,0,0,,0,0,0,0,-0.509316086769104,0.17814258389961696,0,1,1,0,6118,9,136,AurelionSol,0,0,7,0,0,0,2591,0,0,1,0,0,3,0,False,False,False,False,False,True,0,4029,3375,0,MIDDLE,0,0,0,1,NONE,0,0,1,0,20764,5309,1893,0,0,0,0,0,0,0,0,3,0,7865,526,3262,0,0,0,0,Scoreezy,1738,SUPPORT,0,TProZgWx67pTtj9RS_f0W4Lq62E7aMFr8Ngrhxb725lGACI,386,,False,100,MIDDLE,0,785,0,29298,5836,0,5423,0,1783,82,5,0,0,667,0,268,0,0,0,0,2,1,1,2
yFSDGcBQLHQKuMKyoV8WQnhE9jAtBWn8v15oURlrcAn2XUos-zorUmHQxJyukQ43U8ILyyPsGb1lZA,Scoreezy#1738,NA1_5350265986,1755571227939,2019,50,79,0.6329113924050633,292ae346-ff22-485e-b44a-67b9bf198c9a,GOLD,II,45,27,25,0,0,7,0,0,,0,187,0,0,0,0,0.0,0,3,769.0210126645119,0.14124957221644183,3,1,0,3,,1184.5202382530001,0.0,0,0,24,0,0,0,0,0,1,1,1,2024.8552189000002,0,397.09763312389185,7,0,0,0.0,1,0,5.666666666666667,2,0.3333333333333333,0,2,4,0,0,0,0,24,77,0.0,0,11.0,2,3.0,0,0,0,1,0,0,2,0,1,0,8,1.0,0,0,0,0,0,1,32,268,0,0,5,6,0,17,0,0,3,0,0.1681102067035469,1,1,,0,5,6,0,0.20106446743011475,0.8242762137792925,0,4,1,0,18683,18,800,Mel,0,9,8,7903,13913,7903,8958,0,3,3,1,2,1,0,False,False,False,False,False,False,0,13401,11925,0,MIDDLE,0,1,0,10,MIDDLE,0,6,2,805,106565,25043,13225,0,12,0,0,1,0,0,6,3,0,11933,627,4734,0,0,0,0,Scoreezy,1738,SOLO,0,TProZgWx67pTtj9RS_f0W4Lq62E7aMFr8Ngrhxb725lGACI,385,,False,100,MIDDLE,49,2019,0,121007,25952,180,18245,0,3552,179,341,138,0,2508,281,286,0,3,0,0,27,3,4,9
yFSDGcBQLHQKuMKyoV8WQnhE9jAtBWn8v15oURlrcAn2XUos-zorUmHQxJyukQ43U8ILyyPsGb1lZA,Scoreezy#1738,NA1_5349245629,1755462509835,1439,50,79,0.6329113924050633,292ae346-ff22-485e-b44a-67b9bf198c9a,GOLD,II,45,27,25,0,0,0,0,0,,0,165,0,0,0,0,0.0,0,1,477.0322084163983,0.1357469670656705,5,0,0,0,,,0.0,0,0,28,0,0,0,0,0,0,0,0,1439.2580402180001,0,268.12283042356614,0,0,0,0.0,0,0,0.2,0,0.2,0,0,1,0,0,0,0,10,62,0.0,0,4.0,0,1.0,0,0,0,0,0,0,0,0,0,0,0,1.0,0,0,0,0,0,0,11,51,0,0,1,4,0,1,0,0,1,0,0.21043380367528763,0,0,,0,1,0,0,1.9745972156524658,0.6141060956927709,0,1,0,0,10149,13,711,Vex,0,0,7,880,1133,880,9011,0,5,1,0,0,3,0,False,False,False,False,False,True,0,6431,6150,0,MIDDLE,0,0,1,1,MIDDLE,0,0,1,445,87665,10321,2427,0,0,0,1,0,0,0,1,3,0,9536,1121,10155,0,0,0,0,Scoreezy,1738,SOLO,0,TProZgWx67pTtj9RS_f0W4Lq62E7aMFr8Ngrhxb725lGACI,385,,False,100,MIDDLE,25,1439,0,98666,11442,0,13136,0,1238,140,565,132,0,1465,0,552,0,7,0,0,14,2,1,5
yFSDGcBQLHQKuMKyoV8WQnhE9jAtBWn8v15oURlrcAn2XUos-zorUmHQxJyukQ43U8ILyyPsGb1lZA,Scoreezy#1738,NA1_5349225296,1755460545684,1551,50,79,0.6329113924050633,292ae346-ff22-485e-b44a-67b9bf198c9a,GOLD,II,45,27,25,0,1,6,0,0,,0,132,0,0,0,0,1106.4805297851562,0,0,951.662516025229,0.16507487391703204,6,0,0,0,,,0.0,0,0,39,0,0,0,0,0,0,0,0,1551.71695271,0,454.95988402447284,9,0,0,0.0,1,0,2.3333333333333335,2,0.7368421052631579,0,2,0,0,0,0,1,11,68,0.0,0,42.0,0,1.0,0,0,0,0,0,0,2,0,0,0,12,1.0,0,0,0,0,0,0,31,75,0,0,0,5,0,14,0,0,5,0,0.3778938843382283,0,0,1.0,0,1,0,0,-0.6170637607574463,0.3282198552836535,0,0,0,0,12890,14,3,Galio,0,1,4,822,866,822,19529,0,6,0,0,0,3,1,False,False,False,False,False,False,0,11766,11550,0,MIDDLE,0,0,1,8,MIDDLE,0,5,1,411,106352,24285,2608,0,0,0,1,0,0,0,1,8,0,3691,282,11430,0,2,0,7,Scoreezy,1738,SOLO,0,TProZgWx67pTtj9RS_f0W4Lq62E7aMFr8Ngrhxb725lGACI,385,,False,200,MIDDLE,41,1551,0,121228,24611,968,18924,0,1879,162,111,123,0,11184,44,4884,0,7,0,0,8,0,0,5
yFSDGcBQLHQKuMKyoV8WQnhE9jAtBWn8v15oURlrcAn2XUos-zorUmHQxJyukQ43U8ILyyPsGb1lZA,Scoreezy#1738,NA1_5227514731,1739322525989,1709,50,79,0.6329113924050633,292ae346-ff22-485e-b44a-67b9bf198c9a,GOLD,II,45,27,25,1,3,10,0,0,4.0,0,216,0,0,1,0,0.0,0,0,981.0313556270505,0.09242161832473045,1,0,0,1,1557.4131030810001,685.3422031250001,0.0,0,0,17,0,0,0,0,0,1,0,1,1710.081402536,0,407.5413862047591,5,0,0,0.0,0,0,14.0,1,0.4666666666666667,0,1,1,0,0,0,0,38,64,0.0,0,70.0,7,3.0,0,0,0,0,0,0,2,0,0,0,11,1.0,0,0,0,0,0,1,7,340,0,0,0,8,0,14,0,0,6,1,0.2210803289275968,0,0,,0,0,2,0,-0.10059887170791626,0.5566131242200866,1,1,1,0,16898,17,800,Mel,0,2,2,5326,9318,5326,4312,0,1,0,0,0,5,0,False,False,False,False,False,False,0,11615,10350,0,MIDDLE,1,1,0,4,MIDDLE,0,4,1,263,124057,26706,7036,0,8,0,0,0,0,0,3,8,0,14325,1140,2850,0,0,0,2,Scoreezy,1738,SOLO,0,TProZgWx67pTtj9RS_f0W4Lq62E7aMFr8Ngrhxb725lGACI,384,,False,200,MIDDLE,38,1709,0,139060,27960,0,10729,0,1293,200,424,12,0,677,113,842,1,0,0,0,15,0,1,8
yFSDGcBQLHQKuMKyoV8WQnhE9jAtBWn8v15oURlrcAn2XUos-zorUmHQxJyukQ43U8ILyyPsGb1lZA,Scoreezy#1738,NA1_5227495455,1739320838884,1133,50,79,0.6329113924050633,292ae346-ff22-485e-b44a-67b9bf198c9a,GOLD,II,45,27,25,0,0,1,0,0,2.0,0,121,0,0,0,0,700.0,0,0,759.2719371389492,0.14173209317456767,5,1,0,0,,,0.0,0,0,18,0,0,0,0,0,0,0,0,1133.151400058,0,341.1219562062403,2,0,0,0.0,0,0,0.6,0,0.25,0,0,0,0,0,1,0,61,69,0.0,0,23.0,0,1.0,0,0,0,0,0,0,0,0,0,0,2,1.0,0,0,0,0,0,0,22,208,0,0,1,0,0,3,0,0,1,0,0.31367019855633704,0,0,,0,0,0,0,-1.0,0.0,0,0,0,0,8420,11,800,Mel,0,0,2,223,877,223,3809,0,5,0,0,0,0,0,False,False,False,False,False,False,0,6442,5800,0,MIDDLE,0,0,1,2,NONE,0,0,1,393,41617,12880,3863,0,0,0,1,0,0,0,0,8,0,8451,1435,5173,0,0,0,0,Scoreezy,1738,SUPPORT,0,TProZgWx67pTtj9RS_f0W4Lq62E7aMFr8Ngrhxb725lGACI,384,,False,200,MIDDLE,37,1133,0,50093,14339,0,9656,0,173,120,222,136,0,24,24,619,0,8,0,0,0,0,0,0
yFSDGcBQLHQKuMKyoV8WQnhE9jAtBWn8v15oURlrcAn2XUos-zorUmHQxJyukQ43U8ILyyPsGb1lZA,Scoreezy#1738,NA1_5225098054,1739036423121,1387,50,79,0.6329113924050633,292ae346-ff22-485e-b44a-67b9bf198c9a,GOLD,II,45,27,25,0,1,7,0,0,4.0,0,179,0,0,0,0,0.0,0,1,693.3492227552176,0.14375336855468332,1,0,0,1,,1253.4062016720002,0.0,0,0,7,0,0,0,0,0,0,0,0,1387.904068324,0,431.8074836432746,4,0,0,0.0,0,0,11.0,1,0.3235294117647059,0,1,0,0,0,2,0,0,87,1.0,0,60.0,0,3.0,0,0,0,0,0,0,1,0,0,0,7,1.0,0,0,0,0,0,0,19,0,0,0,2,6,0,11,0,0,4,0,0.2112823169830073,0,0,,0,1,3,0,0.5961880683898926,0.9297880514328487,0,2,1,0,12800,14,90,Malzahar,0,5,3,2637,4996,2637,7218,0,1,1,0,0,2,0,False,False,False,False,False,True,0,9988,8325,0,MIDDLE,1,1,0,4,MIDDLE,0,3,1,1184,89122,15947,5431,0,0,0,0,0,0,0,1,3,0,7018,90,4303,0,0,0,0,Scoreezy,1738,SOLO,0,TProZgWx67pTtj9RS_f0W4Lq62E7aMFr8Ngrhxb725lGACI,384,,False,100,MIDDLE,37,1387,0,96223,16038,0,11327,0,1807,180,123,41,0,82,0,1591,1,3,0,0,21,1,2,7
yFSDGcBQLHQKuMKyoV8WQnhE9jAtBWn8v15oURlrcAn2XUos-zorUmHQxJyukQ43U8ILyyPsGb1lZA,Scoreezy#1738,NA1_5214731961,1737824955277,1434,50,79,0.6329113924050633,292ae346-ff22-485e-b44a-67b9bf198c9a,GOLD,II,45,27,25,0,1,2,0,0,6.0,0,153,0,0,0,0,837.1931457519531,0,0,578.9091040899025,0.1419448256309915,4,0,0,0,,,0.0,0,0,7,0,0,0,0,0,0,0,0,1434.6896879100002,0,417.54025847753815,2,0,0,0.0,0,0,2.0,1,0.7272727272727273,0,1,0,0,0,1,0,28,78,0.0,0,5.0,0,1.0,0,0,0,0,0,0,1,0,0,0,6,1.0,0,0,0,0,0,0,15,161,0,0,2,4,0,8,0,0,4,0,0.30309193435765425,0,0,,0,0,0,0,-0.16363763809204102,0.38344835065529537,0,1,1,0,12181,14,800,Mel,0,0,2,0,0,0,7032,0,4,0,0,0,4,0,False,False,False,False,False,True,0,9984,9850,0,MIDDLE,0,0,1,6,MIDDLE,0,4,1,533,88264,13178,7572,0,0,0,1,0,0,0,0,3,0,13203,664,6145,0,0,0,4,Scoreezy,1738,CARRY,0,TProZgWx67pTtj9RS_f0W4Lq62E7aMFr8Ngrhxb725lGACI,383,Ràys,False,100,MIDDLE,17,1434,0,101466,13842,0,14106,0,1097,181,402,89,0,0,0,389,0,7,0,0,9,0,1,4
yFSDGcBQLHQKuMKyoV8WQnhE9jAtBWn8v15oURlrcAn2XUos-zorUmHQxJyukQ43U8ILyyPsGb1lZA,Scoreezy#1738,NA1_5214521268,1737788614738,1621,50,79,0.6329113924050633,292ae346-ff22-485e-b44a-67b9bf198c9a,GOLD,II,45,27,25,0,0,3,0,0,0.0,0,226,0,0,0,0,0.0,0,0,441.46066235235094,0.22716468184506258,6,3,0,0,,,0.0,0,0,0,0,0,0,0,0,0,0,0,1622.1276944370002,0,265.6858449957487,0,0,0,0.0,0,0,0.5,0,0.375,0,0,0,0,0,0,0,0,63,0.0,0,4.0,0,1.0,0,0,0,0,0,0,0,0,0,0,3,1.0,0,0,0,0,0,0,48,0,0,0,0,5,0,3,0,0,1,0,0.21788345129072645,0,0,,0,0,0,0,-0.2311897873878479,0.36530873698366556,0,1,0,1,11349,13,8,Vladimir,0,2,4,0,0,0,12521,0,6,0,0,0,4,0,False,False,False,False,False,True,0,7182,6650,0,MIDDLE,0,0,2,0,MIDDLE,0,0,0,325,75119,11003,10269,0,0,0,1,0,0,0,1,8,0,11634,931,14564,0,0,0,0,Scoreezy,1738,SOLO,0,TProZgWx67pTtj9RS_f0W4Lq62E7aMFr8Ngrhxb725lGACI,383,Ràys,False,200,MIDDLE,4,1621,0,90278,11935,0,25323,0,15637,140,88,190,0,3525,0,490,0,8,0,0,9,0,1,5
yFSDGcBQLHQKuMKyoV8WQnhE9jAtBWn8v15oURlrcAn2XUos-zorUmHQxJyukQ43U8ILyyPsGb1lZA,Scoreezy#1738,NA1_5214076232,1737761019629,1630,50,79,0.6329113924050633,292ae346-ff22-485e-b44a-67b9bf198c9a,GOLD,II,45,27,25,0,0,3,0,0,8.0,0,193,0,0,0,0,0.0,0,0,791.1630674475848,0.1715705147708563,2,0,0,2,,684.9801029610001,0.0,0,0,29,0,0,0,0,0,1,0,0,1630.472234029,0,416.350380096645,7,0,0,0.0,0,0,5.5,0,0.4583333333333333,0,1,2,0,0,2,0,69,75,0.0,0,37.0,1,2.0,0,0,0,0,0,0,1,0,0,0,8,1.0,0,0,0,0,0,1,11,287,0,0,1,5,0,11,0,0,3,0,0.25153745575324854,0,1,,0,1,3,0,0.3772209882736206,0.6425755353187333,0,4,1,0,13691,15,800,Mel,0,0,2,3903,9638,3903,6600,0,2,0,0,0,0,0,False,False,False,False,False,True,0,11314,8100,0,MIDDLE,1,2,0,8,MIDDLE,227,7,1,476,90221,19538,3023,1,4,0,0,0,0,0,0,8,0,16001,1426,8249,0,0,0,0,Scoreezy,1738,SOLO,0,TProZgWx67pTtj9RS_f0W4Lq62E7aMFr8Ngrhxb725lGACI,383,Ràys,False,200,MIDDLE,45,1630,0,107114,21499,0,11964,0,2229,179,336,45,0,890,533,691,2,2,0,0,17,0,4,6
yFSDGcBQLHQKuMKyoV8WQnhE9jAtBWn8v15oURlrcAn2XUos-zorUmHQxJyukQ43U8ILyyPsGb1lZA,Scoreezy#1738,NA1_5214026505,1737756831378,678,50,79,0.6329113924050633,292ae346-ff22-485e-b44a-67b9bf198c9a,GOLD,II,45,27,25,0,0,0,0,0,0.0,0,49,0,0,0,0,0.0,0,0,173.3913122178913,0.19480302180774944,0,0,0,0,,,0.0,0,0,0,0,0,0,0,0,0,0,0,679.1407000830001,0,295.2935297025758,0,0,0,0.0,0,0,0.0,0,0.0,0,0,0,0,0,0,0,4,69,,0,8.0,0,1.0,0,0,0,0,0,0,0,0,0,0,0,1.0,0,0,0,0,0,0,4,4,0,0,0,3,0,0,0,0,0,0,0.1615901393663115,0,0,,0,0,0,0,0.04144287109375,0.4187262052531333,0,0,0,0,5280,9,950,Naafiri,0,2,1,0,0,0,2149,0,0,0,0,0,3,0,False,False,False,False,False,True,0,3342,2775,0,MIDDLE,0,0,0,0,NONE,0,0,0,0,0,0,3756,0,0,0,1,0,0,0,0,3,0,15208,1864,687,0,1,0,0,Scoreezy,1738,SUPPORT,0,TProZgWx67pTtj9RS_f0W4Lq62E7aMFr8Ngrhxb725lGACI,382,Ràys,False,100,MIDDLE,0,678,0,21046,1962,0,4789,0,960,76,10,0,0,5838,97,346,0,1,0,0,4,0,0,3
yFSDGcBQLHQKuMKyoV8WQnhE9jAtBWn8v15oURlrcAn2XUos-zorUmHQxJyukQ43U8ILyyPsGb1lZA,Scoreezy#1738,NA1_5213821944,1737730074763,1656,50,79,0.6329113924050633,292ae346-ff22-485e-b44a-67b9bf198c9a,GOLD,II,45,27,25,0,0,8,0,0,5.0,0,188,0,0,0,0,267.5450439453125,0,0,1000.8795168129998,0.11722412817216281,2,0,0,0,,,0.0,0,0,25,0,0,0,0,0,0,0,2,1656.404336412,0,397.0027815374451,4,0,0,0.0,0,0,6.5,2,0.6842105263157895,0,1,0,0,0,0,0,78,59,0.0,0,16.0,0,1.0,0,0,0,0,0,0,0,0,0,0,10,1.0,0,0,0,0,0,0,5,382,0,0,1,7,0,13,0,0,6,0,0.3114658885238409,0,0,,0,1,1,0,0.029447317123413086,0.5542430517408921,0,2,1,1,12546,14,800,Mel,0,4,2,1608,1608,1608,5523,0,2,0,0,0,1,0,False,False,False,False,False,True,0,10959,10350,0,MIDDLE,0,0,2,5,MIDDLE,0,4,1,549,101752,24953,5402,0,0,0,1,0,0,0,0,3,0,13380,2196,6591,0,0,0,0,Scoreezy,1738,SOLO,0,TProZgWx67pTtj9RS_f0W4Lq62E7aMFr8Ngrhxb725lGACI,382,Ràys,False,100,MIDDLE,55,1656,0,115625,27631,0,12498,0,1345,191,505,45,0,492,481,504,0,8,0,0,15,0,2,7
yFSDGcBQLHQKuMKyoV8WQnhE9jAtBWn8v15oURlrcAn2XUos-zorUmHQxJyukQ43U8ILyyPsGb1lZA,Scoreezy#1738,NA1_5213813039,1737727828302,1795,50,79,0.6329113924050633,292ae346-ff22-485e-b44a-67b9bf198c9a,GOLD,II,45,27,25,0,0,4,0,0,6.0,0,189,0,0,0,0,136.0286407470703,0,0,753.4162876587544,0.15531285715966722,6,7,0,1,,1163.0639900370002,0.0,0,0,0,0,0,0,0,0,1,0,0,1796.0996135750001,0,351.57392836253837,0,0,0,0.0,1,0,1.6666666666666667,2,0.5263157894736842,0,1,2,0,0,0,1,0,54,0.0,0,2.0,0,2.0,0,0,0,0,0,0,1,0,0,0,8,1.0,0,0,0,0,0,0,68,1,0,0,1,8,0,10,0,0,6,0,0.2752216602635008,0,1,,0,0,0,0,-0.5381602048873901,0.35975342757432954,1,0,0,1,13509,15,950,Naafiri,0,6,1,0,3144,0,17697,0,6,0,0,0,4,1,False,False,False,False,False,True,0,10524,10050,0,MIDDLE,0,0,0,6,MIDDLE,0,5,1,833,0,0,8579,2,4,0,1,0,0,0,2,8,0,94864,21131,11327,0,0,0,2,Scoreezy,1738,SOLO,0,TProZgWx67pTtj9RS_f0W4Lq62E7aMFr8Ngrhxb725lGACI,382,Ràys,False,200,MIDDLE,0,1795,0,105787,22553,0,20546,0,3775,161,5,211,0,10923,1422,639,0,6,0,0,10,0,0,8
yFSDGcBQLHQKuMKyoV8WQnhE9jAtBWn8v15oURlrcAn2XUos-zorUmHQxJyukQ43U8ILyyPsGb1lZA,Scoreezy#1738,NA1_5213142415,1737665369954,976,50,79,0.6329113924050633,292ae346-ff22-485e-b44a-67b9bf198c9a,GOLD,II,45,27,25,0,0,0,0,0,1.0,0,74,0,0,0,0,0.0,0,0,556.8922943657773,0.19974329784354453,5,0,0,0,,,0.0,0,0,24,0,0,0,0,0,0,0,0,976.46609733,0,297.31257960793477,0,0,0,0.0,0,0,0.2,0,0.25,0,0,0,0,0,0,0,7,63,0.0,0,6.0,0,1.0,0,0,0,0,0,0,1,0,0,0,0,1.0,0,0,0,0,0,0,5,28,0,0,1,3,0,1,0,0,1,0,0.2770429119963213,0,0,,0,1,0,0,-0.5792436599731445,0.26316166194828794,0,0,0,0,6771,10,3,Galio,0,0,2,338,338,338,7543,0,5,0,0,0,3,0,False,False,False,False,False,True,0,4838,4550,0,MIDDLE,0,0,0,1,NONE,0,0,1,427,52789,8238,6156,0,0,0,1,0,0,0,0,3,0,2415,100,2873,0,0,0,0,Scoreezy,1738,SUPPORT,0,TProZgWx67pTtj9RS_f0W4Lq62E7aMFr8Ngrhxb725lGACI,382,Ràys,False,100,MIDDLE,23,976,0,58785,9063,149,10177,0,266,107,42,93,0,3580,724,1148,0,1,0,0,4,0,0,3
yFSDGcBQLHQKuMKyoV8WQnhE9jAtBWn8v15oURlrcAn2XUos-zorUmHQxJyukQ43U8ILyyPsGb1lZA,Scoreezy#1738,NA1_5212926221,1737615928585,1346,50,79,0.6329113924050633,292ae346-ff22-485e-b44a-67b9bf198c9a,GOLD,II,45,27,25,0,0,1,0,0,4.0,0,101,0,0,0,0,130.80001831054688,0,0,697.1400029705454,0.18696702429631426,7,0,0,0,,,0.0,0,0,27,0,0,0,0,0,1,0,0,1346.4939340110002,0,334.07822011868427,3,0,0,0.0,0,0,0.7142857142857143,0,0.38461538461538464,0,1,1,0,0,0,0,11,59,0.0,0,18.0,0,1.0,0,0,0,0,0,0,1,0,0,0,2,1.0,0,0,0,0,0,0,18,24,0,0,2,6,0,5,0,0,5,0,0.2685942128715119,0,0,,0,1,0,0,-0.3956530690193176,0.34254339609724577,0,0,0,1,10531,13,3,Galio,0,0,2,724,1171,724,13767,0,7,0,0,0,1,1,False,False,False,False,False,True,0,7497,6900,0,MIDDLE,0,0,0,4,MIDDLE,0,3,1,389,77814,13774,7320,0,0,0,1,0,0,0,1,8,0,4130,441,6758,0,0,0,2,Scoreezy,1738,SOLO,0,TProZgWx67pTtj9RS_f0W4Lq62E7aMFr8Ngrhxb725lGACI,382,Ràys,False,200,MIDDLE,22,1346,0,83461,15644,485,16608,0,285,139,61,183,0,1517,1429,2528,0,5,0,0,7,0,0,6
yFSDGcBQLHQKuMKyoV8WQnhE9jAtBWn8v15oURlrcAn2XUos-zorUmHQxJyukQ43U8ILyyPsGb1lZA,Scoreezy#1738,NA1_5204657046,1736645695346,1484,50,79,0.6329113924050633,292ae346-ff22-485e-b44a-67b9bf198c9a,GOLD,II,45,27,25,0,0,3,0,0,2.0,0,88,0,0,0,0,217.33306884765625,0,0,479.7698738742169,0.18315557077062355,6,0,0,0,,,0.0,0,0,0,0,0,0,0,0,0,0,0,1484.2985304590002,0,280.1229111653493,0,0,0,0.0,0,0,0.8333333333333334,0,0.4166666666666667,0,0,0,0,0,0,0,0,51,0.0,0,15.0,0,1.0,0,0,0,0,0,0,1,0,0,0,3,1.0,0,0,0,0,0,0,5,0,0,0,2,6,0,5,0,0,3,0,0.23627154949455015,0,0,,0,1,0,0,-0.3935161828994751,0.4239179375829284,0,0,0,0,10163,13,55,Katarina,0,5,2,2879,2879,2879,8207,0,6,0,0,0,6,1,False,True,False,False,False,True,0,6929,6900,0,MIDDLE,0,0,0,2,MIDDLE,0,0,1,615,72841,9760,7034,0,0,0,1,0,0,0,1,8,0,5709,961,8144,0,0,0,1,Scoreezy,1738,SOLO,0,TProZgWx67pTtj9RS_f0W4Lq62E7aMFr8Ngrhxb725lGACI,382,Ràys,False,200,MIDDLE,0,1484,0,82272,11868,0,16521,0,767,116,0,194,0,3721,1146,1341,0,8,0,0,10,0,0,6
yFSDGcBQLHQKuMKyoV8WQnhE9jAtBWn8v15oURlrcAn2XUos-zorUmHQxJyukQ43U8ILyyPsGb1lZA,Scoreezy#1738,NA1_5204617398,1736642898680,2377,50,79,0.6329113924050633,292ae346-ff22-485e-b44a-67b9bf198c9a,GOLD,II,45,27,25,0,2,9,0,0,16.0,0,254,0,0,0,0,1804.4163818359375,0,0,1415.1965167910682,0.11214580275231636,9,0,0,0,2251.324302709,,0.0,0,0,22,0,0,0,0,0,0,0,1,2377.7731842890003,0,453.4270989339072,6,0,0,0.0,0,0,2.7777777777777777,3,0.7575757575757576,0,4,3,1,0,1,1,8,59,0.0,0,4.0,0,1.0,0,0,0,3,0,0,1,0,0,0,18,1.0,0,0,0,0,0,0,27,120,0,0,2,12,0,25,1,0,6,1,0.3806992842798472,0,0,,0,1,0,0,-0.3275677561759949,0.5534548033974407,0,1,0,0,20670,18,112,Viktor,0,9,3,1800,2584,1800,13906,0,9,0,3,0,2,0,False,False,False,False,False,True,0,17969,17950,0,MIDDLE,0,0,2,16,MIDDLE,0,4,2,446,201768,54010,17370,0,0,0,1,0,0,0,9,3,0,10009,644,5045,0,1,0,3,Scoreezy,1738,SOLO,0,TProZgWx67pTtj9RS_f0W4Lq62E7aMFr8Ngrhxb725lGACI,382,Ràys,False,100,MIDDLE,67,2377,0,220089,56083,0,25575,0,1617,222,1282,285,0,8312,1428,3158,0,8,0,0,21,0,1,12
yFSDGcBQLHQKuMKyoV8WQnhE9jAtBWn8v15oURlrcAn2XUos-zorUmHQxJyukQ43U8ILyyPsGb1lZA,Scoreezy#1738,NA1_5203943229,1736566904022,1167,50,79,0.6329113924050633,292ae346-ff22-485e-b44a-67b9bf198c9a,GOLD,II,45,27,25,0,0,6,0,0,6.0,0,93,0,0,0,0,0.0,0,0,826.7341585564204,0.1648859050235746,4,0,0,0,,,0.0,0,0,26,0,0,0,0,0,1,0,0,1167.6788366340002,0,433.6533438346173,3,0,0,0.0,0,0,3.0,1,0.42857142857142855,0,0,2,0,0,1,0,13,64,0.0,0,34.0,3,2.0,0,0,0,0,0,0,2,0,0,0,7,1.0,0,0,0,0,0,0,5,36,0,0,4,2,0,12,0,0,8,0,0.24312951022620335,0,1,,0,3,0,0,-0.6428163051605225,0.16902865841007572,0,0,0,0,11221,13,3,Galio,0,0,2,1070,1070,1070,10780,0,4,0,0,0,0,0,False,False,False,False,False,True,0,8439,6900,0,MIDDLE,0,0,0,6,NONE,0,2,1,507,72576,14562,5809,0,0,0,0,0,0,0,0,3,0,4136,404,5797,0,0,0,0,Scoreezy,1738,SUPPORT,0,TProZgWx67pTtj9RS_f0W4Lq62E7aMFr8Ngrhxb725lGACI,381,Ràys,False,100,MIDDLE,24,1167,0,77835,16089,299,13061,0,826,130,57,99,0,1123,1123,1454,0,0,0,0,3,0,0,2
yFSDGcBQLHQKuMKyoV8WQnhE9jAtBWn8v15oURlrcAn2XUos-zorUmHQxJyukQ43U8ILyyPsGb1lZA,Scoreezy#1738,NA1_5203903395,1736564573129,1781,50,79,0.6329113924050633,292ae346-ff22-485e-b44a-67b9bf198c9a,GOLD,II,45,27,25,0,0,10,0,0,2.0,0,368,0,0,1,0,0.0,0,0,680.0317491110884,0.1964770634325528,7,0,0,0,1662.1997912830002,,0.0,0,0,31,0,0,0,0,0,0,0,0,1781.930416332,0,353.0025256512615,6,0,0,0.0,0,0,1.7142857142857142,1,0.3157894736842105,0,0,0,1,0,0,0,7,49,0.0,0,3.0,2,1.0,0,0,0,0,0,0,0,0,1,0,11,1.0,0,0,0,0,0,0,5,22,0,0,0,9,0,12,0,0,2,1,0.15822682254419426,0,0,,0,1,6,0,-0.36595618724823,0.46309288583628716,1,0,0,2,15234,16,157,Yasuo,0,1,4,5309,6412,5309,25463,0,7,0,0,0,0,0,False,False,False,False,False,False,0,10483,8500,0,MIDDLE,0,1,0,2,MIDDLE,706,0,1,278,7191,939,19875,0,15,0,0,1,0,0,0,8,0,151514,18395,11271,0,0,0,0,Scoreezy,1738,SOLO,0,TProZgWx67pTtj9RS_f0W4Lq62E7aMFr8Ngrhxb725lGACI,381,Ràys,False,200,MIDDLE,27,1781,0,159568,20196,0,31271,0,10213,158,135,193,0,861,861,124,3,3,0,0,13,1,0,9
yFSDGcBQLHQKuMKyoV8WQnhE9jAtBWn8v15oURlrcAn2XUos-zorUmHQxJyukQ43U8ILyyPsGb1lZA,Scoreezy#1738,NA1_5202521955,1736402103493,2193,50,79,0.6329113924050633,292ae346-ff22-485e-b44a-67b9bf198c9a,GOLD,II,45,27,25,0,6,8,0,0,14.0,0,368,0,0,2,0,0.0,1,0,1166.9566283477116,0.11632394272251026,1,0,0,0,1654.876781403,,0.0,0,0,13,1,0,0,0,0,0,0,1,2194.118538493,0,514.0503943668759,7,0,0,0.0,0,0,22.0,5,0.5789473684210527,0,2,2,0,0,0,1,5,74,0.0,1,4.0,7,2.0,0,0,0,1,0,0,1,0,0,0,20,1.0,0,0,1,0,0,0,2,94,0,0,1,7,0,22,0,0,0,2,0.3329906410831308,0,1,,0,0,6,0,-0.2591509222984314,0.40978627520100774,2,2,0,0,21890,18,45,Veigar,0,8,2,12615,26964,12615,7345,0,1,0,1,0,4,1,False,False,False,False,False,False,0,18798,16850,0,MIDDLE,3,4,1,14,MIDDLE,0,9,2,1543,287365,39985,12843,0,4,1,0,1,0,0,5,3,0,8433,600,3390,0,0,0,5,Scoreezy,1738,DUO,0,TProZgWx67pTtj9RS_f0W4Lq62E7aMFr8Ngrhxb725lGACI,381,Ràys,False,100,MIDDLE,24,2193,0,300217,42674,0,16753,4,2963,263,89,49,0,4418,2088,518,5,5,0,0,14,0,2,7
yFSDGcBQLHQKuMKyoV8WQnhE9jAtBWn8v15oURlrcAn2XUos-zorUmHQxJyukQ43U8ILyyPsGb1lZA,Scoreezy#1738,NA1_5195002027,1735575956737,1972,50,79,0.6329113924050633,292ae346-ff22-485e-b44a-67b9bf198c9a,GOLD,II,45,27,25,0,8,2,0,0,5.0,0,259,0,0,0,0,0.0,0,0,387.8146512608936,0.17866520774239686,9,4,0,0,,,0.0,0,0,23,0,0,0,0,0,0,0,0,1972.9602986080001,0,304.0470377423375,2,0,0,0.0,0,0,0.7777777777777778,1,0.21212121212121213,0,0,0,0,0,3,0,2,25,0.0,0,0.0,0,1.0,0,0,0,0,0,0,1,0,0,0,6,1.0,0,0,0,0,0,0,30,24,0,0,1,4,0,7,0,0,5,0,0.11575037827907347,0,0,,0,0,1,0,-0.33952850103378296,0.16332860259206086,0,0,0,1,13253,15,517,Sylas,0,10,2,2537,2537,2537,16355,0,9,0,0,0,4,1,False,False,False,False,False,False,0,9997,8950,0,MIDDLE,0,0,4,5,MIDDLE,0,2,1,384,77791,10638,11081,1,0,0,1,0,0,0,1,3,0,10527,1314,14452,0,0,0,0,Scoreezy,1738,SOLO,0,TProZgWx67pTtj9RS_f0W4Lq62E7aMFr8Ngrhxb725lGACI,381,Ràys,False,100,MIDDLE,13,1972,0,90177,12752,0,27419,0,3821,122,312,230,0,1859,799,1884,1,11,0,0,5,0,0,4
yFSDGcBQLHQKuMKyoV8WQnhE9jAtBWn8v15oURlrcAn2XUos-zorUmHQxJyukQ43U8ILyyPsGb1lZA,Scoreezy#1738,NA1_5194985645,1735573708968,1802,50,79,0.6329113924050633,292ae346-ff22-485e-b44a-67b9bf198c9a,GOLD,II,45,27,25,0,0,7,0,0,3.0,0,248,0,0,0,0,0.0,0,0,734.9409875207074,0.17209994009455656,8,0,0,0,,,0.0,0,0,21,0,0,0,0,0,1,0,1,1802.195238703,0,375.9524345362327,6,0,0,0.0,0,0,1.25,2,0.35714285714285715,0,0,0,1,0,1,1,14,49,0.0,0,60.0,0,1.0,0,0,0,0,0,0,1,0,0,0,9,1.0,0,0,0,0,0,0,10,94,0,0,1,9,0,10,0,0,4,0,0.19940080227057122,0,0,,0,3,3,0,-0.3319358825683594,0.4262091848031373,0,0,0,0,13764,15,103,Ahri,0,4,4,6475,6475,6475,10359,0,8,0,0,0,1,0,False,False,False,False,False,True,0,11292,11200,0,MIDDLE,0,0,3,3,MIDDLE,0,0,1,388,93812,16142,15454,0,0,0,1,0,0,0,0,3,0,13091,1051,7689,0,0,0,5,Scoreezy,1738,SOLO,0,TProZgWx67pTtj9RS_f0W4Lq62E7aMFr8Ngrhxb725lGACI,381,Ràys,False,100,MIDDLE,24,1802,0,157949,22075,0,24452,0,4003,187,60,231,0,51045,4881,1308,2,11,0,0,12,0,0,9
yFSDGcBQLHQKuMKyoV8WQnhE9jAtBWn8v15oURlrcAn2XUos-zorUmHQxJyukQ43U8ILyyPsGb1lZA,Scoreezy#1738,NA1_5194769538,1735537771164,1298,50,79,0.6329113924050633,292ae346-ff22-485e-b44a-67b9bf198c9a,GOLD,II,45,27,25,0,2,4,0,0,2.0,0,206,0,6,0,0,0.0,0,0,394.1394125498728,0.12789507034409398,2,0,0,1,,1084.3964142040002,0.0,0,0,12,0,0,0,0,0,1,0,0,1298.407859358,0,334.18044001995554,1,0,0,0.0,0,0,3.0,0,0.2608695652173913,0,0,0,0,0,2,0,4,52,0.0,0,0.0,2,1.0,0,0,0,1,0,0,0,0,0,0,3,1.0,0,0,0,0,0,0,15,17,0,0,2,3,0,6,0,0,3,0,0.16847851240113015,0,0,,0,1,0,0,-0.15439200401306152,0.4053947585401762,0,2,2,0,9467,12,99,Lux,0,2,2,892,1637,892,5771,0,2,0,1,0,0,0,False,False,False,False,False,True,0,7231,7200,0,MIDDLE,0,0,0,2,MIDDLE,0,2,2,535,78672,7930,4793,0,4,0,0,0,0,0,1,8,0,11377,331,3548,0,0,0,0,Scoreezy,1738,SOLO,0,TProZgWx67pTtj9RS_f0W4Lq62E7aMFr8Ngrhxb725lGACI,381,Ràys,False,200,MIDDLE,28,1298,4,103216,8529,717,8585,0,579,135,450,48,0,13165,267,242,0,2,0,0,8,0,2,3
yFSDGcBQLHQKuMKyoV8WQnhE9jAtBWn8v15oURlrcAn2XUos-zorUmHQxJyukQ43U8ILyyPsGb1lZA,Scoreezy#1738,NA1_5193404246,1735407421016,104,50,79,0.6329113924050633,292ae346-ff22-485e-b44a-67b9bf198c9a,GOLD,II,45,27,25,0,0,0,0,0,0.0,0,2,0,0,0,0,0.0,0,0,0.0,0.028331843716953808,0,0,0,0,,,,0,0,0,0,0,0,0,0,0,0,0,104.377251939,0,299.490544340724,0,0,0,0.0,0,0,0.0,0,,0,0,0,0,0,0,0,0,1,,0,,0,,0,0,0,0,0,0,0,0,0,1,0,,0,0,0,0,0,0,0,0,0,0,0,0,0,0,0,0,0,0,,0,0,,0,0,0,0,,0.0,0,0,0,0,61,1,136,AurelionSol,0,0,2,0,0,0,2,0,0,0,0,0,0,0,False,False,False,False,True,False,0,521,500,0,MIDDLE,0,0,0,0,NONE,0,0,0,0,73,0,0,0,0,0,0,0,0,0,0,3,0,441,0,9,0,0,0,0,Scoreezy,1738,SUPPORT,0,TProZgWx67pTtj9RS_f0W4Lq62E7aMFr8Ngrhxb725lGACI,381,Ràys,False,100,MIDDLE,0,104,0,514,0,0,9,0,0,1,0,0,0,0,0,0,0,0,0,0,0,0,0,0
yFSDGcBQLHQKuMKyoV8WQnhE9jAtBWn8v15oURlrcAn2XUos-zorUmHQxJyukQ43U8ILyyPsGb1lZA,Scoreezy#1738,NA1_5193380454,1735403909260,2859,50,79,0.6329113924050633,292ae346-ff22-485e-b44a-67b9bf198c9a,GOLD,II,45,27,25,0,2,6,0,0,17.0,0,349,0,0,2,0,0.0,0,0,897.7722394314027,0.13536078080130584,7,0,0,2,1449.398741332,1294.295696531,0.0,0,0,8,2,0,0,0,0,0,1,1,2860.0265291130004,0,380.56226156757316,3,0,0,0.0,0,0,3.2857142857142856,0,0.5,0,3,7,0,0,1,0,0,53,0.0,1,8.0,2,2.0,0,0,0,2,0,0,4,0,0,0,18,1.0,0,0,1,0,0,0,38,7,0,0,3,13,0,23,0,0,0,3,0.22988422993754978,0,0,,0,0,4,0,-0.057574570178985596,0.6276711615898188,2,5,0,0,22880,18,105,Fizz,0,23,2,2659,12344,2659,21372,0,7,0,1,0,24,1,False,False,False,False,False,False,0,18140,15600,0,MIDDLE,2,4,5,17,TOP,0,8,3,656,179752,34693,5093,1,2,0,0,1,0,0,6,3,0,31824,4763,24859,0,1,0,5,Scoreezy,1738,DUO,0,TProZgWx67pTtj9RS_f0W4Lq62E7aMFr8Ngrhxb725lGACI,381,Ràys,False,100,MIDDLE,13,2859,0,218423,42794,0,31073,2,2722,228,277,319,1,6845,3337,1120,3,9,0,0,29,0,5,13
yFSDGcBQLHQKuMKyoV8WQnhE9jAtBWn8v15oURlrcAn2XUos-zorUmHQxJyukQ43U8ILyyPsGb1lZA,Scoreezy#1738,NA1_5193235517,1735373280005,1929,50,79,0.6329113924050633,292ae346-ff22-485e-b44a-67b9bf198c9a,GOLD,II,45,27,25,1,10,7,0,0,8.0,0,207,0,1,0,0,0.0,0,1,928.2586548122491,0.12547085908649772,5,0,0,0,,,0.0,0,0,10,0,0,0,0,0,0,0,4,1929.9334432140001,0,400.13366801407426,4,0,0,0.0,0,0,3.0,4,0.5769230769230769,0,1,1,1,0,3,2,5,61,0.0,0,2.0,0,1.0,0,0,0,1,0,0,0,0,0,0,12,1.0,0,0,0,0,0,0,6,84,0,0,0,7,0,15,0,0,2,0,0.28448594226012147,0,1,,0,0,2,0,-0.20289617776870728,0.4783360688806192,1,1,1,0,15592,16,112,Viktor,0,16,5,2307,3218,2307,10823,0,5,1,1,0,4,0,False,False,False,False,False,False,0,12870,11375,0,MIDDLE,0,0,4,8,MIDDLE,0,6,2,607,154765,28873,7564,0,1,0,1,0,0,0,1,8,0,16031,353,10011,0,0,0,0,Scoreezy,1738,SOLO,0,TProZgWx67pTtj9RS_f0W4Lq62E7aMFr8Ngrhxb725lGACI,381,Ràys,False,200,MIDDLE,25,1929,0,174329,29857,0,17978,0,1387,193,258,137,0,3532,631,402,2,11,0,0,15,1,1,8
yFSDGcBQLHQKuMKyoV8WQnhE9jAtBWn8v15oURlrcAn2XUos-zorUmHQxJyukQ43U8ILyyPsGb1lZA,Scoreezy#1738,NA1_5191345705,1735176971622,1256,50,79,0.6329113924050633,292ae346-ff22-485e-b44a-67b9bf198c9a,GOLD,II,45,27,25,0,0,7,0,0,4.0,0,93,0,0,0,0,0.0,0,0,525.7205690444661,0.15323314602501137,1,0,0,1,,1148.443634117,0.0,0,0,19,0,0,0,0,0,1,0,0,1256.6850055930001,0,420.59908732406234,7,0,0,0.0,0,1,11.0,0,0.3793103448275862,0,1,4,1,0,0,0,11,72,0.0,0,22.0,0,2.0,0,0,0,0,0,0,1,0,0,0,8,1.0,0,0,0,0,0,0,6,24,0,0,2,6,0,11,0,0,6,0,0.1752719352449565,0,0,1.0,0,1,2,0,0.15334868431091309,0.5100253272142896,0,0,0,1,11084,13,3,Galio,0,2,2,844,1192,844,17333,0,1,0,0,0,0,0,False,False,True,False,False,True,0,8809,7700,0,MIDDLE,0,0,0,4,MIDDLE,0,3,1,959,68594,10041,3355,0,0,0,0,0,0,0,4,8,0,2999,339,7018,0,0,0,0,Scoreezy,1738,SOLO,0,TProZgWx67pTtj9RS_f0W4Lq62E7aMFr8Ngrhxb725lGACI,379,Ràys,False,200,MIDDLE,17,1256,0,75164,11011,218,10527,0,1204,138,58,37,0,3570,630,154,1,0,0,0,10,0,0,6
yFSDGcBQLHQKuMKyoV8WQnhE9jAtBWn8v15oURlrcAn2XUos-zorUmHQxJyukQ43U8ILyyPsGb1lZA,Scoreezy#1738,NA1_5188840076,1734908501508,3009,50,79,0.6329113924050633,292ae346-ff22-485e-b44a-67b9bf198c9a,GOLD,II,45,27,25,0,7,14,0,0,4.0,1,325,0,1,1,0,0.0,0,0,1106.5796924654207,0.1625733107078491,10,0,0,2,2159.800601725,763.1756335590001,0.0,0,0,18,0,0,0,0,0,0,0,0,3009.449712637,0,307.7139337090163,5,0,0,0.0,0,0,1.8,4,0.43902439024390244,0,0,0,0,0,0,0,7,72,0.0,0,38.0,0,2.0,0,0,0,0,0,0,1,0,0,0,15,1.0,0,0,0,0,0,0,42,90,0,0,2,11,0,18,0,0,4,1,0.2704191716825666,0,0,,0,0,5,0,-0.39483481645584106,0.3798088874091059,3,0,0,0,23395,18,74,Heimerdinger,0,32,4,5249,16218,5249,24029,0,10,0,0,0,8,0,False,False,False,False,False,False,0,15434,14750,0,MIDDLE,0,1,2,4,MIDDLE,0,2,1,763,236320,54277,23867,2,4,0,1,0,0,0,9,3,0,25813,965,16300,0,0,0,4,Scoreezy,1738,SOLO,0,TProZgWx67pTtj9RS_f0W4Lq62E7aMFr8Ngrhxb725lGACI,379,Ràys,False,100,MIDDLE,58,3009,4,270372,55503,0,44587,0,3146,255,639,479,0,8236,260,4420,2,9,0,0,19,0,0,11
yFSDGcBQLHQKuMKyoV8WQnhE9jAtBWn8v15oURlrcAn2XUos-zorUmHQxJyukQ43U8ILyyPsGb1lZA,Scoreezy#1738,NA1_5188812869,1734906307868,1449,50,79,0.6329113924050633,292ae346-ff22-485e-b44a-67b9bf198c9a,GOLD,II,45,27,25,0,2,3,0,0,1.0,0,106,0,0,0,0,0.0,0,0,421.9091585425755,0.14034218379383132,3,0,0,2,,1046.592171324,0.0,0,0,23,0,0,0,0,0,0,0,1,1449.270710429,0,288.8403986054389,4,0,0,0.0,0,0,1.3333333333333333,0,0.25,0,0,0,0,0,0,0,5,72,0.0,0,39.0,0,1.0,0,0,0,0,0,0,0,0,0,0,4,1.0,0,0,0,0,0,0,6,32,0,0,0,7,0,4,0,0,2,0,0.13444351200367932,0,0,1.0,0,0,0,0,0.3186483383178711,0.538711166909023,0,0,0,0,10594,13,3,Galio,0,5,1,444,746,444,19978,0,3,0,0,0,6,1,False,False,False,False,False,False,0,6976,6750,0,MIDDLE,0,0,2,1,MIDDLE,0,0,1,753,72536,9677,2782,0,0,0,1,0,0,1,6,3,0,7140,513,11539,0,0,0,0,Scoreezy,1738,CARRY,0,TProZgWx67pTtj9RS_f0W4Lq62E7aMFr8Ngrhxb725lGACI,379,Ràys,False,100,MIDDLE,24,1449,0,80353,10191,423,14907,0,567,150,113,49,0,676,0,585,0,11,0,0,13,0,0,7
yFSDGcBQLHQKuMKyoV8WQnhE9jAtBWn8v15oURlrcAn2XUos-zorUmHQxJyukQ43U8ILyyPsGb1lZA,Scoreezy#1738,NA1_5186263983,1734647185423,1893,50,79,0.6329113924050633,292ae346-ff22-485e-b44a-67b9bf198c9a,GOLD,II,45,27,25,0,2,10,1,0,10.0,0,284,0,5,1,0,0.0,0,0,928.6199419606326,0.09603606346072296,2,2,0,2,1823.6368229250002,1067.7944934020002,0.0,0,0,8,5,1,0,0,0,1,0,5,1893.8971106810002,0,401.19943418971326,5,0,0,0.800000011920929,0,0,10.0,6,0.5263157894736842,0,2,2,0,0,0,0,4,67,0.0,0,18.60000005364418,4,3.0,0,0,0,1,0,0,0,0,0,0,13,1.0,0,0,0,0,0,0,63,32,0,0,0,9,1,20,0,0,1,1,0.2488903397498024,0,0,,0,2,5,0,-0.38172924518585205,0.6073559606852509,2,3,0,0,17315,17,45,Veigar,0,1,2,7151,21997,7151,6307,0,2,0,1,0,4,0,False,False,False,False,False,False,0,12663,10800,0,MIDDLE,0,1,0,10,MIDDLE,0,6,2,651,161768,28324,8506,0,11,0,0,1,0,0,4,8,0,8013,497,4606,0,0,0,0,Scoreezy,1738,SOLO,0,TProZgWx67pTtj9RS_f0W4Lq62E7aMFr8Ngrhxb725lGACI,379,Ràys,False,200,MIDDLE,13,1893,3,171102,29311,0,14407,2,2714,165,46,63,0,1320,490,1295,1,2,0,0,19,0,3,9
yFSDGcBQLHQKuMKyoV8WQnhE9jAtBWn8v15oURlrcAn2XUos-zorUmHQxJyukQ43U8ILyyPsGb1lZA,Scoreezy#1738,NA1_5186243855,1734645262074,1385,50,79,0.6329113924050633,292ae346-ff22-485e-b44a-67b9bf198c9a,GOLD,II,45,27,25,0,0,6,0,0,3.0,0,213,0,0,0,0,0.0,0,1,471.7647367435652,0.1317872826203284,2,0,0,0,,,0.0,0,0,15,0,0,0,0,0,0,0,0,1385.4573911520001,0,339.1714397902013,4,0,0,0.0,0,0,4.5,0,0.42857142857142855,0,1,0,0,0,0,0,7,60,0.0,0,27.0,0,2.0,0,0,0,0,0,0,0,0,0,0,8,1.0,0,0,0,0,0,0,10,60,0,0,1,5,0,9,0,0,3,0,0.209598304159734,0,0,,0,0,0,0,-0.3953036069869995,0.3463852330779541,0,0,0,0,11271,13,163,Taliyah,0,1,3,54,441,54,4865,0,2,1,0,0,1,0,False,False,False,False,False,False,0,7831,7575,0,MIDDLE,0,0,2,3,MIDDLE,0,3,1,518,90438,10340,8890,0,0,0,1,0,0,0,3,3,0,6915,409,2756,0,0,0,0,Scoreezy,1738,SOLO,0,TProZgWx67pTtj9RS_f0W4Lq62E7aMFr8Ngrhxb725lGACI,379,Ràys,False,100,MIDDLE,20,1385,0,102560,10893,0,11954,0,1862,143,472,45,0,5206,144,307,0,9,0,0,7,1,0,6
yFSDGcBQLHQKuMKyoV8WQnhE9jAtBWn8v15oURlrcAn2XUos-zorUmHQxJyukQ43U8ILyyPsGb1lZA,Scoreezy#1738,NA1_5186217465,1734642738294,2110,50,79,0.6329113924050633,292ae346-ff22-485e-b44a-67b9bf198c9a,GOLD,II,45,27,25,0,8,6,0,0,4.0,0,273,0,0,0,0,0.0,0,0,746.6085844388487,0.13081795453447678,4,37,0,1,,1192.6304023540001,0.0,0,0,10,0,0,0,0,0,1,1,0,2110.4609229370003,0,398.8750448603445,4,0,0,0.0,0,0,2.5,1,0.3225806451612903,0,1,0,0,0,1,0,0,80,0.0,0,48.0,0,1.0,0,0,0,0,0,0,0,0,0,0,9,1.0,0,0,0,0,0,0,199,0,0,0,0,8,0,10,0,0,0,0,0.19052618512841651,0,0,,0,0,0,0,-0.30362409353256226,0.376683359072688,0,1,1,0,17893,17,90,Malzahar,0,2,2,0,1278,0,12176,0,4,0,0,0,5,1,False,False,False,False,False,False,0,14030,13500,0,MIDDLE,0,0,4,4,MIDDLE,0,3,1,521,209775,25580,11633,0,0,0,1,0,0,0,0,3,0,12526,591,8841,0,0,0,3,Scoreezy,1738,SOLO,0,TProZgWx67pTtj9RS_f0W4Lq62E7aMFr8Ngrhxb725lGACI,379,Ràys,False,100,MIDDLE,49,2110,0,223005,26261,0,23872,0,1998,265,576,145,0,704,90,3397,0,11,0,0,13,0,1,8
yFSDGcBQLHQKuMKyoV8WQnhE9jAtBWn8v15oURlrcAn2XUos-zorUmHQxJyukQ43U8ILyyPsGb1lZA,Scoreezy#1738,NA1_5185560404,1734570803757,1997,50,79,0.6329113924050633,292ae346-ff22-485e-b44a-67b9bf198c9a,GOLD,II,45,27,25,0,6,6,0,0,11.0,0,191,0,0,0,0,0.0,0,0,780.2035228868314,0.09926033635455604,1,0,0,0,1793.5649773530001,,0.0,0,0,5,0,0,0,0,0,0,1,0,1998.0252362320002,0,470.5475007027553,3,0,0,0.0,0,0,17.0,0,0.5,0,1,0,0,0,0,0,14,70,0.0,0,3.0,5,2.0,0,0,0,4,1,0,0,0,0,0,12,1.0,0,0,0,0,0,0,17,87,0,0,0,9,0,17,0,0,1,1,0.26976665067074673,0,0,,0,2,6,0,0.020008206367492676,0.6123572549718138,0,3,2,0,18619,18,112,Viktor,0,7,3,6886,6886,6886,6613,0,1,0,2,0,4,0,False,False,False,False,False,False,0,15669,13955,0,MIDDLE,0,1,0,11,MIDDLE,0,11,3,1336,168018,24709,12398,0,0,1,0,1,0,0,0,8,0,13100,186,1477,0,0,0,5,Scoreezy,1738,SOLO,0,TProZgWx67pTtj9RS_f0W4Lq62E7aMFr8Ngrhxb725lGACI,378,Ràys,False,200,MIDDLE,13,1997,0,183387,25981,0,13976,0,3314,230,244,28,2,2268,1084,99,3,7,0,0,20,0,3,9
yFSDGcBQLHQKuMKyoV8WQnhE9jAtBWn8v15oURlrcAn2XUos-zorUmHQxJyukQ43U8ILyyPsGb1lZA,Scoreezy#1738,NA1_5185102976,1734505563976,2538,50,79,0.6329113924050633,292ae346-ff22-485e-b44a-67b9bf198c9a,GOLD,II,45,27,25,0,0,15,0,0,10.0,0,193,0,0,1,0,0.0,0,0,904.9441309348356,0.17081204246405968,6,1,0,3,2359.3399627870003,372.92848886900003,1.0,0,0,48,0,0,0,0,0,1,0,3,2539.0559167740003,0,327.6232109927939,20,0,0,0.0,3,0,4.166666666666667,1,0.46296296296296297,0,1,2,0,0,0,2,7,65,1.0,0,23.0,1,2.0,0,0,0,0,0,0,2,0,0,0,18,1.0,0,0,0,0,0,0,26,54,0,0,2,10,0,25,0,0,5,1,0.24829601832006826,0,1,,0,1,1,0,-0.4571295380592346,0.49934687762841073,1,3,0,0,18764,18,3,Galio,0,8,8,2802,11563,2802,39597,0,6,0,0,0,2,5,False,False,False,False,False,False,0,13864,12600,0,MIDDLE,1,1,0,10,MIDDLE,0,5,1,1052,156838,33238,2953,0,0,0,0,0,0,0,5,3,0,7810,176,26279,0,0,0,2,Scoreezy,1738,DUO,0,TProZgWx67pTtj9RS_f0W4Lq62E7aMFr8Ngrhxb725lGACI,378,Ràys,False,100,MIDDLE,35,2538,0,190775,38295,1227,41239,0,2379,183,122,225,0,26126,4880,12005,1,3,0,0,21,1,3,10
yFSDGcBQLHQKuMKyoV8WQnhE9jAtBWn8v15oURlrcAn2XUos-zorUmHQxJyukQ43U8ILyyPsGb1lZA,Scoreezy#1738,NA1_5170266713,1733081430253,2324,50,79,0.6329113924050633,292ae346-ff22-485e-b44a-67b9bf198c9a,GOLD,II,45,27,25,0,0,13,0,0,11.0,0,353,0,1,1,0,0.0,0,3,881.5341925588442,0.11188567056186313,7,0,0,2,1741.395372783,1179.227590568,0.0,0,0,23,1,1,0,0,0,0,0,0,2324.489741631,0,439.28446242401014,9,0,0,2.0,0,0,3.4285714285714284,8,0.7741935483870968,0,1,0,0,0,0,0,20,50,0.0,1,49.80000001192093,10,2.0,0,0,0,0,0,0,1,0,0,0,17,1.0,0,0,1,0,0,0,8,127,0,0,3,15,1,24,0,0,6,1,0.2840126337528058,0,1,1.0,0,1,4,0,0.71399986743927,1.0215090158786735,5,5,2,2,18135,17,45,Veigar,0,4,10,7919,25235,7919,11571,0,7,3,0,1,9,0,False,False,False,False,False,False,0,17018,15925,0,MIDDLE,0,1,1,11,MIDDLE,0,7,1,803,224643,32530,11744,0,10,0,0,1,0,0,8,3,0,7299,875,11281,0,0,0,0,Scoreezy,1738,SOLO,0,TProZgWx67pTtj9RS_f0W4Lq62E7aMFr8Ngrhxb725lGACI,378,Ràys,False,100,MIDDLE,36,2324,0,233889,34151,0,24226,0,1443,196,113,224,0,1946,746,1200,0,7,0,0,39,3,5,18
